<?xml version="1.0" encoding="UTF-8"?>
<configuration>

    <property>
    <name>nameNode</name>
    <value>wasb://companyx@revaturehadoop.blob.core.windows.net</value>
    </property>

    <property>
    <name>jobTracker</name>
    <value>headnodehost:8050</value>
    </property>

    <property>
    <name>queueName</name>
    <value>default</value>
    </property>

    <property>
    <name>oozie.libpath</name>
    <value>wasb://companyx@revaturehadoop.blob.core.windows.net/user/sshuser/MapReduceOozie/lib</value>
    </property>

    <property>
    <name>oozie.use.system.libpath</name>
    <value>true</value>
    </property>

    <property>
    <name>oozie.wf.application.path</name>
    <value>wasb://companyx@revaturehadoop.blob.core.windows.net/user/sshuser/MapReduceOozie</value>
    </property>

    <property>
    <name>ViewBatteryPerformanceInput</name>
    <value>wasb://companyx@revaturehadoop.blob.core.windows.net/TransferCase/BatteryInandOut/view_battery_performance</value>
    </property>

    <property>
    <name>ViewBatteryNoteInput</name>
    <value>wasb://companyx@revaturehadoop.blob.core.windows.net/TransferCase/BatteryInandOut/view_battery_note</value>
    </property>

    <property>
    <name>IntermediateDataOutput</name>
    <value>wasb://companyx@revaturehadoop.blob.core.windows.net/user/sshuser/MapReduceOozie/IntermediateDataOutput</value>
    </property>

    <property>
    <name>BatteryMedianOutput</name>
    <value>wasb://companyx@revaturehadoop.blob.core.windows.net/user/sshuser/MapReduceOozie/BatteryMedianOutput</value>
    </property>

    <property>
    <name>BatteryOutlierOutput</name>
    <value>wasb://companyx@revaturehadoop.blob.core.windows.net/user/sshuser/MapReduceOozie/BatteryOutlierOutput</value>
    </property>
</configuration>
